Model,Accuracy,Precision,Recall,F1,ROC_AUC
LogisticRegression,0.9824561403508771,0.9861111111111112,0.9861111111111112,0.9861111111111112,0.9953703703703703
kNN,0.9736842105263158,0.96,1.0,0.9795918367346939,0.9884259259259259
RandomForest,0.9473684210526315,0.9583333333333334,0.9583333333333334,0.9583333333333334,0.9937169312169313
SVM,0.9824561403508771,0.9861111111111112,0.9861111111111112,0.9861111111111112,0.9966931216931216
